{
  "notes": [
    {
      "id": 1,
      "title": "Read Angular5 blog",
      "text": "Shall do at 6 pm",
      "state": "started"
    },
    {
      "id": 2,
      "title": "Call Ravi",
      "text": "Track the new submissions",
      "state": "started"
    },
    {
      "title": "Capitalism",
      "text": "Mark Twain",
      "id": 3,
      "state": "completed"
    },
    {
      "title": "Angular3",
      "text": "Submit by tomorrow",
      "state": "started",
      "id": 4
    },
    {
      "title": "Spring 7",
      "text": "to be completed",
      "state": "started",
      "id": 5
    }
  ]
}