{
    "inputData": [
        {
            "stateName": "ANDAMAN & NICOBAR ISLANDS",
            "districtTalukPinCode": [
                "South Andaman",
                "North And Middle Andaman",
                "Nicobar"
            ]
        },
        {
            "stateName": "ANDHRA PRADESH",
            "districtTalukPinCode": [
                "Anantapur",
                "Chittoor",
                "East Godavari",
                "Guntur",
                "YSR Kadapa district",
                "Krishna",
                "Kurnool",
                "Nellore",
                "Prakasam",
                "Srikakulam",
                "Visakhapatnam",
                "Vizianagaram",
                "West Godavari"
            ]
        },
        {
            "stateName": "ARUNACHAL PRADESH",
            "districtTalukPinCode": [
                "Changlang",
                "Dibang Valley",
                "East Kameng",
                "East Siang",
                "Kurung Kumey",
                "Lohit",
                "Lower Dibang Valley",
                "Lower Subansiri",
                "Papum Pare",
                "Tawang",
                "Tirap",
                "Upper Siang",
                "Upper Siang",
                "Upper Subansiri",
                "West Kameng",
                "West Siang"
            ]
        },
        {
            "stateName": "ASSAM",
            "districtTalukPinCode": [
                "Barpeta",
                "Bongaigaon",
                "Cachar",
                "Darrang",
                "Dhemaji",
                "Dhubri",
                "Dibrugarh",
                "Goalpara",
                "Golaghat",
                "Hailakandi",
                "Jorhat",
                "Kamrup",
                "Kamrup",
                "Karbi Anglong",
                "Karimganj",
                "Kokrajhar",
                "Lakhimpur",
                "Marigaon",
                "Nagaon",
                "Nalbari",
                "North Cachar Hills",
                "Sibsagar",
                "Sonitpur",
                "Tinsukia"
            ]
        },
        {
            "stateName": "BIHAR",
            "districtTalukPinCode": [
                "Araria",
                "Aurangabad(BH)",
                "Banka",
                "Begusarai",
                "Bhojpur",
                "Buxar",
                "Darbhanga",
                "East Champaran",
                "Gaya",
                "Gopalganj",
                "Jamui",
                "Jehanabad",
                "Kaimur (Bhabua)",
                "Katihar",
                "Khagaria",
                "Kishanganj",
                "Lakhisarai",
                "Madhepura",
                "Madhubani",
                "Munger",
                "Muzaffarpur",
                "Nalanda",
                "Nawada",
                "Patna",
                "Purnia",
                "Rohtas",
                "Saharsa",
                "Samastipur",
                "Saran",
                "Sheikhpura",
                "Sitamarhi",
                "Siwan",
                "Supaul",
                "Vaishali",
                "West Champaran"
            ]
        },
        {
            "stateName": "CHATTISGARH",
            "districtTalukPinCode": [
                "Bastar",
                "Bijapur(CGH)",
                "Dantewada",
                "Dhamtari",
                "Durg",
                "Janjgir-champa",
                "Jashpur",
                "Kanker",
                "Kawardha",
                "Korba",
                "Mahasamund",
                "Raigarh",
                "Raipur",
                "Rajnandgaon",
                "Surguja"
            ]
        },
        {
            "stateName": "GOA",
            "districtTalukPinCode": [
                "North Goa",
                "South Goa"
            ]
        },
        {
            "stateName": "GUJARAT",
            "districtTalukPinCode": [
                "Ahmedabad",
                "Amreli District",
                "Anand",
                "Banaskantha",
                "Bharuch",
                "Bhavnagar",
                "Dahod",
                "The Dangs",
                "Gandhinagar",
                "Jamnagar",
                "Junagadh",
                "Kutch",
                "Kheda",
                "Mehsana",
                "Narmada",
                "Navsari",
                "Patan",
                "Panchmahal",
                "Porbandar",
                "Rajkot",
                "Sabarkantha",
                "Surendranagar",
                "Surat",
                "Vadodara",
                "Valsad"
            ]
        },
        {
            "stateName": "HARYANA",
            "districtTalukPinCode": [
                "Ambala",
                "Bhiwani",
                "Charkhi Dadri",
                "Faridabad",
                "Fatehabad",
                "Gurugram",
                "Hisar",
                "Jhajjar",
                "Jind",
                "Kaithal",
                "Karnal",
                "Kurukshetra",
                "Mahendragarh",
                "Nuh",
                "Palwal",
                "Panchkula",
                "Panipat",
                "Rewari",
                "Rohtak",
                "Sirsa",
                "Sonipat",
                "Yamunanagar"
            ]
        },
        {
            "stateName": "HIMACHAL PRADESH",
            "districtTalukPinCode": [
                "Bilaspur",
                "Chamba",
                "Hamirpur",
                "Kangra",
                "Kinnaur",
                "Kullu",
                "Lahaul and Spiti",
                "Mandi",
                "Shimla",
                "Sirmaur",
                "Solan",
                "Una",
                "West Godavari"
            ]
        },
        {
            "stateName": "JAMMU & KASHMIR",
            "districtTalukPinCode": [
                "Doda",
                "Jammu",
                "Kathua",
                "Kishtwar",
                "Poonch",
                "Rajouri",
                "Ramban",
                "Reasi",
                "Samba",
                "Udhampur",
                "Anantnag",
                "Bandipora",
                "Baramulla",
                "Budgam",
                "Ganderbal",
                "Kulgam",
                "Kupwara",
                "Pulwama",
                "Shopian",
                "Srinagar"
            ]
        },
        {
            "stateName": "JHARKHAND",
            "districtTalukPinCode": [
                " Garhwa",
                "Palamu",
                "Latehar",
                " Chatra",
                " Hazaribagh",
                " Koderma",
                " Giridih",
                " Ramgarh",
                " Bokaro",
                " Dhanbad",
                " Gumla",
                " Lohardaga",
                " Simdega",
                " Ranchi",
                " Khunti",
                " West Singhbhum",
                " Saraikela Kharsawan",
                " East Singhbhum",
                " Jamtara",
                " Deoghar",
                " Dumka",
                " Pakur",
                " Godda",
                " Sahebganj"
            ]
        },
        {
            "stateName": "KARNATAKA",
            "districtTalukPinCode": [
                "Bagalkote",
                "Bengaluru Urban",
                "Bengaluru Rural",
                "Belagavi",
                "Ballari",
                "Bidar",
                "Vijayapura",
                "Chamarajanagara",
                "Chikkaballapura",
                "Chikkamagaluru",
                "Chitradurga",
                "Dakshina Kannada",
                "Davanagere",
                "Dharwad",
                "Gadag",
                "KalaburagiHassan",
                "Haveri",
                "Kodagu",
                "Kolar",
                "Koppal",
                "Mandya",
                "Mysuru",
                "Raichur",
                "Ramanagara",
                "Shivamogga",
                "TumakuruUdupi",
                "Uttara Kannada",
                "Yadgir"
            ]
        },
        {
            "stateName": "KERALA",
            "districtTalukPinCode": [
                "Alappuzha",
                "Ernakulam",
                "Idukki",
                "Kannur",
                "Kasaragod",
                "Kollam",
                "Kottayam",
                "Kozhikode",
                "Malappuram",
                "Palakkad",
                "Pathanamthitta",
                "Thiruvananthapuram",
                "Thrissur",
                "Wayanad"
            ]
        },
        {
            "stateName": "MAHARASHTRA",
            "districtTalukPinCode": [
                "Ahmednagar",
                "Akola",
                "Amravati",
                "Aurangabad",
                "Beed",
                "Bhandara",
                "Buldhana",
                "Chandrapur",
                "Dhule",
                "Gadchiroli",
                "Gondia",
                "Hingoli",
                "Jalgaon",
                "Jalna",
                "Kolhapur",
                "Latur",
                "Mumbai City",
                "Mumbai Suburban",
                "Nagpur",
                "Nanded",
                "Nandurbar",
                "Nashik",
                "Osmanabad",
                "Palghar",
                "",
                "Parbhani",
                "Pune",
                "Raigad",
                "Ratnagiri",
                "Sangli",
                "Satara",
                "Sindhudurg",
                "Solapur",
                "Thane",
                "Wardha",
                "Washim",
                "Yavatmal"
            ]
        },
        {
            "stateName": "MANIPUR",
            "districtTalukPinCode": [
                "Bishnupur",
                "Thoubal",
                "Imphal East",
                "Imphal West",
                "Senapati",
                "Ukhrul",
                "Chandel",
                "Churachandpur",
                "Tamenglong",
                "Jiribam",
                "Kangpokpi (Sadar Hills)",
                "Kakching",
                "Tengnoupal",
                "Kamjong",
                "Noney",
                "Pherzawl"
            ]
        },
        {
            "stateName": "MEGHALAYA",
            "districtTalukPinCode": [
                "West Jaintia Hills (Jowai)",
                "East Jaintia Hills (Khliehriat)",
                "East Khasi Hills (Shillong)",
                "West Khasi Hills (Nongstoin)",
                "South West Khasi Hills (Mawkyrwat)",
                "Ri-Bhoi (Nongpoh)",
                "North Garo Hills (Resubelpara)",
                "East Garo Hills (Williamnagar)",
                "South Garo Hills (Baghmara)",
                "West Garo Hills (Tura)",
                "South West Garo Hills (Ampati)"
            ]
        },
        {
            "stateName": "MIZORAM",
            "districtTalukPinCode": [
                "Aizawl",
                "Kolasib",
                "Lawngtlai",
                "Lunglei",
                "Mamit",
                "Saiha",
                "Serchhip",
                "Champhai"
            ]
        },
        {
            "stateName": "NAGALAND",
            "districtTalukPinCode": [
                "Dimapur district",
                "Kiphire district",
                "Kohima district",
                "Longleng district",
                "Mokokchung district",
                "Mon District",
                "Peren district",
                "Phek district",
                "Tuensang district[nb 1]",
                "Wokha district",
                "Zunheboto district",
                "Noklak district"
            ]
        },
        {
            "stateName": "ODISHA",
            "districtTalukPinCode": [
                "Angul",
                "Boudh (Baudh)",
                "Balangir",
                "Bargarh",
                "Balasore (Baleswar)",
                "Bhadrak",
                "Cuttack",
                "Deogarh (Debagarh)",
                "Dhenkanal",
                "Ganjam",
                "Gajapati",
                "Jharsuguda",
                "Jajpur",
                "Jagatsinghapur",
                "Khordha",
                "Keonjhar",
                "Kalahandi",
                "Kandhamal",
                "Koraput",
                "Kendrapara",
                "Malkangiri",
                "Mayurbhanj",
                "Nabarangpur",
                "Nuapada",
                "Nayagarh",
                "Puri",
                "Rayagada",
                "Sambalpur",
                "Subarnapur",
                "Sundargarh"
            ]
        },
        {
            "stateName": "PUNJAB",
            "districtTalukPinCode": [
                "Amritsar",
                "Barnala",
                "Bathinda",
                "Faridkot",
                "Fatehgarh Sahib",
                "Firozpur",
                "Fazilka[3]",
                "Gurdaspur",
                "Hoshiarpur",
                "Jalandhar",
                "Kapurthala",
                "Ludhiana",
                "Mansa",
                "Moga",
                "Sri Muktsar Sahib",
                "Pathankot",
                "Patiala",
                "Rupnagar",
                "Sahibzada Ajit Singh Nagar",
                "Sangrur",
                "Shahid Bhagat Singh Nagar",
                "Tarn Taran"
            ]
        },
        {
            "stateName": "RAJASTHAN",
            "districtTalukPinCode": [
                "Ajmer",
                "Alwar",
                "Banswara",
                "Baran",
                "Barmer",
                "Bharatpur",
                "Bhilwara",
                "Bikaner",
                "Bundi",
                "Chittorgarh",
                "Churu",
                "Dausa",
                "Dholpur",
                "Dungarpur",
                "Hanumangarh",
                "Jaipur",
                "Jaisalmer",
                "Jalor",
                "Jhalawar",
                "Jhunjhunu",
                "Jodhpur",
                "Karauli",
                "Kota",
                "Nagaur",
                "Pali",
                "Pratapgarh[2]",
                "Rajsamand",
                "Sawai Madhopur",
                "Sikar",
                "Sirohi",
                "Sri Ganganagar",
                "Tonk",
                "Udaipur",
                "Rajasthan"
            ]
        },
        {
            "stateName": "SIKKIM",
            "districtTalukPinCode": [
                "East Sikkim",
                "West Sikkim",
                "North Sikkim",
                "South Sikkim"
            ]
        },
        {
            "stateName": "TAMIL NADU",
            "districtTalukPinCode": [
                "Ariyalur",
                "Chengalpattu",
                "Chennai",
                "Coimbatore",
                "Cuddalore",
                "Dharmapuri",
                "Dindigul",
                "Erode",
                "Kallakurichi",
                "Kanchipuram",
                "Kanyakumari",
                "Karur",
                "Krishnagiri",
                "Madurai",
                "Mayiladuthurai",
                "Nagapattinam",
                "Namakkal",
                "Nilgiris",
                "Perambalur",
                "Pudukkottai",
                "Ramanathapuram",
                "Ranipet",
                "Salem",
                "Sivagangai",
                "Tenkasi",
                "Thanjavur",
                "Theni",
                "Thoothukudi",
                "Tiruchirappalli",
                "Tirunelveli",
                "Tirupattur",
                "Tiruppur",
                "Tiruvallur",
                "Tiruvannamalai",
                "Tiruvarur",
                "Vellore",
                "Viluppuram",
                "Virudhunagar"
            ]
        },
        {
            "stateName": "TELANGANA",
            "districtTalukPinCode": [
                "Adilabad",
                "Bhadradri ",
                "Kothagudem",
                "Hyderabad",
                "Jagitial",
                "Jangaon",
                "Jayashankar ",
                "Bhupalpally",
                "Jogulamba Gadwal",
                "Kamareddy",
                "Karimnagar",
                "Khammam",
                "Komaram Bheem",
                "Mahabubabad",
                "Mahabubnagar",
                "Mancherial",
                "Medak",
                "Medchal–Malkajgiri",
                "Mulugu",
                "Nagarkurnool",
                "Narayanpet",
                "Nalgonda",
                "Nirmal",
                "Nizamabad",
                "Peddapalli",
                "Rajanna",
                "Sircilla",
                "Ranga Reddy",
                "Sangareddy",
                "Siddipet",
                "Suryapet",
                "Vikarabad",
                "Wanaparthy",
                "Warangal Rural",
                "Warangal Urban",
                "Yadadri",
                " Bhuvanagiri"
            ]
        },
        {
            "stateName": "TRIPURA",
            "districtTalukPinCode": [
                "Ambassa",
                "SipahijalaKhowai",
                "Gomati",
                "Unakoti",
                "North Tripura",
                "South Tripura",
                "West Tripura"
            ]
        },
        {
            "stateName": "UTTAR PRADESH",
            "districtTalukPinCode": [
                "Agra division",
                "Aligarh division",
                "Prayagraj division",
                "Azamgarh division",
                "Bareilly division",
                "Basti division",
                "Chitrakoot division",
                "Devipatan division",
                "Ayodhya division",
                "Gorakhpur division",
                "Jhansi division",
                "Kanpur division",
                "Lucknow division",
                "Meerut division",
                "Mirzapur division",
                "Moradabad division",
                "Saharanpur division",
                "Varanasi division"
            ]
        },
        {
            "stateName": "UTTARKHAND",
            "districtTalukPinCode": [
                "Agra",
                "Aligarh",
                "Prayagraj",
                "Azamgarh",
                "Bareilly",
                "Basti",
                "Chitrakoot",
                "Gonda",
                "Ayodhya",
                "Gorakhpur",
                "Jhansi",
                "Kanpur",
                "Lucknow",
                "Meerut",
                "Mirzapur",
                "Moradabad",
                "Saharanpur"
            ]
        },
        {
            "stateName": "LAKSHADWEEP",
            "districtTalukPinCode": [
                "Lakshadweep"
            ]
        },
        {
            "stateName": "WEST BENGAL",
            "districtTalukPinCode": [
                "Alipurduar",
                "Bankura",
                "Paschim Bardhaman",
                "Purba Bardhaman",
                "Birbhum",
                "Cooch Behar",
                "Darjeeling",
                "Uttar Dinajpur",
                "Dakshin Dinajpur",
                "Hooghly",
                "Howrah",
                "Jalpaiguri",
                "Jhargram",
                "Kolkata",
                "Kalimpong",
                "Malda",
                "Paschim Medinipur",
                "Purba Medinipur",
                "Murshidabad",
                "Nadia",
                "North 24 Parganas",
                "South 24 Parganas",
                "Purulia"
            ]
        },
        {
            "stateName": "MADHYA PRADESH",
            "districtTalukPinCode": [
                " Agarmalwa",
                " Alirajpur",
                " Anuppur",
                " Ashoknagar",
                " Balaghat",
                " Barwani",
                " Betul",
                " Bhind",
                " Bhopal",
                " Burhanpur",
                " Chhatarpur",
                " Chhindwara",
                " Damoh",
                " Datia",
                " Dewas",
                " Dhar",
                " Dindori",
                " Guna",
                " Gwalior",
                " Harda",
                " Hoshangabad",
                " Indore",
                " Jabalpur",
                " Jhabua",
                " Katni",
                " Khandwa",
                " Khargone",
                " Mandla",
                " Mandsaur",
                " Morena",
                "Narsinghpur",
                " Neemuch",
                " Panna",
                " Raisen",
                " Rajgarh",
                " Ratlam",
                " Rewa",
                " Sagar",
                " Satna",
                " Sehore",
                " Seoni",
                " Singrauli",
                " Shahdol",
                " Shajapur",
                " Sheopur",
                " Shivpuri",
                " Sidhi",
                " Tikamgarh",
                " Ujjain",
                " Umaria",
                " Vidisha"
            ]
        }
    ]
}