"Problem","Package","File","Priority","Line","Description","Rule set","Rule"
"1","com.travel.management","src/main/java/com/travel/management/AuthApplication.java","3","9","All methods are static.  Consider using a utility class instead. Alternatively, you could add a private constructor or make the class abstract to silence this warning.","Design","UseUtilityClass"
"2","com.travel.management","src/main/java/com/travel/management/AuthApplication.java","3","9","headerCommentRequirement Required","Comments","CommentRequired"
"3","com.travel.management","src/main/java/com/travel/management/AuthApplication.java","3","11","Parameter 'args' is not assigned and could be declared final","Optimization","MethodArgumentCouldBeFinal"
"4","com.travel.management","src/main/java/com/travel/management/AuthApplication.java","3","11","publicMethodCommentRequirement Required","Comments","CommentRequired"
"5","com.travel.management.config","src/main/java/com/travel/management/config/AuthorizationServerConfig.java","3","17","Each class should declare at least one constructor","Controversial","AtLeastOneConstructor"
"6","com.travel.management.config","src/main/java/com/travel/management/config/AuthorizationServerConfig.java","3","17","headerCommentRequirement Required","Comments","CommentRequired"
"7","com.travel.management.config","src/main/java/com/travel/management/config/AuthorizationServerConfig.java","3","19","fieldCommentRequirement Required","Comments","CommentRequired"
"8","com.travel.management.config","src/main/java/com/travel/management/config/AuthorizationServerConfig.java","3","20","fieldCommentRequirement Required","Comments","CommentRequired"
"9","com.travel.management.config","src/main/java/com/travel/management/config/AuthorizationServerConfig.java","3","21","Avoid excessively long variable names like GRANT_TYPE_PASSWORD","Naming","LongVariable"
"10","com.travel.management.config","src/main/java/com/travel/management/config/AuthorizationServerConfig.java","3","21","fieldCommentRequirement Required","Comments","CommentRequired"
"11","com.travel.management.config","src/main/java/com/travel/management/config/AuthorizationServerConfig.java","3","22","Avoid excessively long variable names like AUTHORIZATION_CODE","Naming","LongVariable"
"12","com.travel.management.config","src/main/java/com/travel/management/config/AuthorizationServerConfig.java","3","22","fieldCommentRequirement Required","Comments","CommentRequired"
"13","com.travel.management.config","src/main/java/com/travel/management/config/AuthorizationServerConfig.java","3","23","fieldCommentRequirement Required","Comments","CommentRequired"
"14","com.travel.management.config","src/main/java/com/travel/management/config/AuthorizationServerConfig.java","3","24","fieldCommentRequirement Required","Comments","CommentRequired"
"15","com.travel.management.config","src/main/java/com/travel/management/config/AuthorizationServerConfig.java","3","25","fieldCommentRequirement Required","Comments","CommentRequired"
"16","com.travel.management.config","src/main/java/com/travel/management/config/AuthorizationServerConfig.java","3","26","fieldCommentRequirement Required","Comments","CommentRequired"
"17","com.travel.management.config","src/main/java/com/travel/management/config/AuthorizationServerConfig.java","3","27","fieldCommentRequirement Required","Comments","CommentRequired"
"18","com.travel.management.config","src/main/java/com/travel/management/config/AuthorizationServerConfig.java","3","30","Avoid excessively long variable names like authenticationManager","Naming","LongVariable"
"19","com.travel.management.config","src/main/java/com/travel/management/config/AuthorizationServerConfig.java","3","30","Found non-transient, non-static member. Please mark as transient or provide accessors.","JavaBeans","BeanMembersShouldSerialize"
"20","com.travel.management.config","src/main/java/com/travel/management/config/AuthorizationServerConfig.java","3","30","fieldCommentRequirement Required","Comments","CommentRequired"
"21","com.travel.management.config","src/main/java/com/travel/management/config/AuthorizationServerConfig.java","3","33","publicMethodCommentRequirement Required","Comments","CommentRequired"
"22","com.travel.management.config","src/main/java/com/travel/management/config/AuthorizationServerConfig.java","3","34","Local variable 'converter' could be declared final","Optimization","LocalVariableCouldBeFinal"
"23","com.travel.management.config","src/main/java/com/travel/management/config/AuthorizationServerConfig.java","3","40","publicMethodCommentRequirement Required","Comments","CommentRequired"
"24","com.travel.management.config","src/main/java/com/travel/management/config/AuthorizationServerConfig.java","3","45","Parameter 'configurer' is not assigned and could be declared final","Optimization","MethodArgumentCouldBeFinal"
"25","com.travel.management.config","src/main/java/com/travel/management/config/AuthorizationServerConfig.java","3","45","publicMethodCommentRequirement Required","Comments","CommentRequired"
"26","com.travel.management.config","src/main/java/com/travel/management/config/AuthorizationServerConfig.java","3","47","Potential violation of Law of Demeter (method chain calls)","Coupling","LawOfDemeter"
"27","com.travel.management.config","src/main/java/com/travel/management/config/AuthorizationServerConfig.java","3","47","Potential violation of Law of Demeter (method chain calls)","Coupling","LawOfDemeter"
"28","com.travel.management.config","src/main/java/com/travel/management/config/AuthorizationServerConfig.java","3","47","Potential violation of Law of Demeter (method chain calls)","Coupling","LawOfDemeter"
"29","com.travel.management.config","src/main/java/com/travel/management/config/AuthorizationServerConfig.java","3","47","Potential violation of Law of Demeter (method chain calls)","Coupling","LawOfDemeter"
"30","com.travel.management.config","src/main/java/com/travel/management/config/AuthorizationServerConfig.java","3","56","Parameter 'endpoints' is not assigned and could be declared final","Optimization","MethodArgumentCouldBeFinal"
"31","com.travel.management.config","src/main/java/com/travel/management/config/AuthorizationServerConfig.java","3","56","publicMethodCommentRequirement Required","Comments","CommentRequired"
"32","com.travel.management.config","src/main/java/com/travel/management/config/AuthorizationServerConfig.java","3","58","Potential violation of Law of Demeter (method chain calls)","Coupling","LawOfDemeter"
"33","com.travel.management.config","src/main/java/com/travel/management/config/AuthorizationServerConfig.java","3","58","Potential violation of Law of Demeter (method chain calls)","Coupling","LawOfDemeter"
"34","com.travel.management.config","src/main/java/com/travel/management/config/ResourceServerConfig.java","3","12","Each class should declare at least one constructor","Controversial","AtLeastOneConstructor"
"35","com.travel.management.config","src/main/java/com/travel/management/config/ResourceServerConfig.java","3","12","headerCommentRequirement Required","Comments","CommentRequired"
"36","com.travel.management.config","src/main/java/com/travel/management/config/ResourceServerConfig.java","3","14","fieldCommentRequirement Required","Comments","CommentRequired"
"37","com.travel.management.config","src/main/java/com/travel/management/config/ResourceServerConfig.java","3","17","Parameter 'resources' is not assigned and could be declared final","Optimization","MethodArgumentCouldBeFinal"
"38","com.travel.management.config","src/main/java/com/travel/management/config/ResourceServerConfig.java","3","17","publicMethodCommentRequirement Required","Comments","CommentRequired"
"39","com.travel.management.config","src/main/java/com/travel/management/config/ResourceServerConfig.java","3","18","Potential violation of Law of Demeter (method chain calls)","Coupling","LawOfDemeter"
"40","com.travel.management.config","src/main/java/com/travel/management/config/ResourceServerConfig.java","3","22","Parameter 'http' is not assigned and could be declared final","Optimization","MethodArgumentCouldBeFinal"
"41","com.travel.management.config","src/main/java/com/travel/management/config/ResourceServerConfig.java","3","22","publicMethodCommentRequirement Required","Comments","CommentRequired"
"42","com.travel.management.config","src/main/java/com/travel/management/config/SecurityConfig.java","3","20","Each class should declare at least one constructor","Controversial","AtLeastOneConstructor"
"43","com.travel.management.config","src/main/java/com/travel/management/config/SecurityConfig.java","3","20","headerCommentRequirement Required","Comments","CommentRequired"
"44","com.travel.management.config","src/main/java/com/travel/management/config/SecurityConfig.java","3","23","Avoid excessively long variable names like userDetailsService","Naming","LongVariable"
"45","com.travel.management.config","src/main/java/com/travel/management/config/SecurityConfig.java","3","23","Found non-transient, non-static member. Please mark as transient or provide accessors.","JavaBeans","BeanMembersShouldSerialize"
"46","com.travel.management.config","src/main/java/com/travel/management/config/SecurityConfig.java","3","23","fieldCommentRequirement Required","Comments","CommentRequired"
"47","com.travel.management.config","src/main/java/com/travel/management/config/SecurityConfig.java","3","27","publicMethodCommentRequirement Required","Comments","CommentRequired"
"48","com.travel.management.config","src/main/java/com/travel/management/config/SecurityConfig.java","3","32","A method/constructor shouldnt explicitly throw java.lang.Exception","Strict Exceptions","SignatureDeclareThrowsException"
"49","com.travel.management.config","src/main/java/com/travel/management/config/SecurityConfig.java","3","32","Parameter 'auth' is not assigned and could be declared final","Optimization","MethodArgumentCouldBeFinal"
"50","com.travel.management.config","src/main/java/com/travel/management/config/SecurityConfig.java","3","32","publicMethodCommentRequirement Required","Comments","CommentRequired"
"51","com.travel.management.config","src/main/java/com/travel/management/config/SecurityConfig.java","3","33","Potential violation of Law of Demeter (method chain calls)","Coupling","LawOfDemeter"
"52","com.travel.management.config","src/main/java/com/travel/management/config/SecurityConfig.java","3","38","Parameter 'http' is not assigned and could be declared final","Optimization","MethodArgumentCouldBeFinal"
"53","com.travel.management.config","src/main/java/com/travel/management/config/SecurityConfig.java","3","38","protectedMethodCommentRequirement Required","Comments","CommentRequired"
"54","com.travel.management.config","src/main/java/com/travel/management/config/SecurityConfig.java","3","39","Potential violation of Law of Demeter (method chain calls)","Coupling","LawOfDemeter"
"55","com.travel.management.config","src/main/java/com/travel/management/config/SecurityConfig.java","3","39","Potential violation of Law of Demeter (method chain calls)","Coupling","LawOfDemeter"
"56","com.travel.management.config","src/main/java/com/travel/management/config/SecurityConfig.java","3","39","Potential violation of Law of Demeter (method chain calls)","Coupling","LawOfDemeter"
"57","com.travel.management.config","src/main/java/com/travel/management/config/SecurityConfig.java","3","39","Potential violation of Law of Demeter (method chain calls)","Coupling","LawOfDemeter"
"58","com.travel.management.config","src/main/java/com/travel/management/config/SecurityConfig.java","3","39","Potential violation of Law of Demeter (method chain calls)","Coupling","LawOfDemeter"
"59","com.travel.management.config","src/main/java/com/travel/management/config/SecurityConfig.java","3","39","Potential violation of Law of Demeter (method chain calls)","Coupling","LawOfDemeter"
"60","com.travel.management.config","src/main/java/com/travel/management/config/SecurityConfig.java","3","47","publicMethodCommentRequirement Required","Comments","CommentRequired"
"61","com.travel.management.controller","src/main/java/com/travel/management/controller/UserController.java","3","19","Each class should declare at least one constructor","Controversial","AtLeastOneConstructor"
"62","com.travel.management.controller","src/main/java/com/travel/management/controller/UserController.java","3","19","headerCommentRequirement Required","Comments","CommentRequired"
"63","com.travel.management.controller","src/main/java/com/travel/management/controller/UserController.java","1","21","Variables that are final and static should be all capitals, 'log' is not all capitals.","Naming","VariableNamingConventions"
"64","com.travel.management.controller","src/main/java/com/travel/management/controller/UserController.java","3","21","fieldCommentRequirement Required","Comments","CommentRequired"
"65","com.travel.management.controller","src/main/java/com/travel/management/controller/UserController.java","3","23","fieldCommentRequirement Required","Comments","CommentRequired"
"66","com.travel.management.controller","src/main/java/com/travel/management/controller/UserController.java","3","24","fieldCommentRequirement Required","Comments","CommentRequired"
"67","com.travel.management.controller","src/main/java/com/travel/management/controller/UserController.java","3","25","fieldCommentRequirement Required","Comments","CommentRequired"
"68","com.travel.management.controller","src/main/java/com/travel/management/controller/UserController.java","3","28","Found non-transient, non-static member. Please mark as transient or provide accessors.","JavaBeans","BeanMembersShouldSerialize"
"69","com.travel.management.controller","src/main/java/com/travel/management/controller/UserController.java","3","28","fieldCommentRequirement Required","Comments","CommentRequired"
"70","com.travel.management.controller","src/main/java/com/travel/management/controller/UserController.java","3","31","Avoid excessively long variable names like authenticationFacadeService","Naming","LongVariable"
"71","com.travel.management.controller","src/main/java/com/travel/management/controller/UserController.java","3","31","Found non-transient, non-static member. Please mark as transient or provide accessors.","JavaBeans","BeanMembersShouldSerialize"
"72","com.travel.management.controller","src/main/java/com/travel/management/controller/UserController.java","3","31","fieldCommentRequirement Required","Comments","CommentRequired"
"73","com.travel.management.controller","src/main/java/com/travel/management/controller/UserController.java","3","35","publicMethodCommentRequirement Required","Comments","CommentRequired"
"74","com.travel.management.controller","src/main/java/com/travel/management/controller/UserController.java","3","36","Potential violation of Law of Demeter (method chain calls)","Coupling","LawOfDemeter"
"75","com.travel.management.controller","src/main/java/com/travel/management/controller/UserController.java","3","36","Potential violation of Law of Demeter (method chain calls)","Coupling","LawOfDemeter"
"76","com.travel.management.controller","src/main/java/com/travel/management/controller/UserController.java","3","36","Potential violation of Law of Demeter (method chain calls)","Coupling","LawOfDemeter"
"77","com.travel.management.controller","src/main/java/com/travel/management/controller/UserController.java","3","42","Parameter 'user' is not assigned and could be declared final","Optimization","MethodArgumentCouldBeFinal"
"78","com.travel.management.controller","src/main/java/com/travel/management/controller/UserController.java","3","42","publicMethodCommentRequirement Required","Comments","CommentRequired"
"79","com.travel.management.controller","src/main/java/com/travel/management/controller/UserController.java","3","43","Potential violation of Law of Demeter (method chain calls)","Coupling","LawOfDemeter"
"80","com.travel.management.controller","src/main/java/com/travel/management/controller/UserController.java","3","43","Potential violation of Law of Demeter (method chain calls)","Coupling","LawOfDemeter"
"81","com.travel.management.controller","src/main/java/com/travel/management/controller/UserController.java","3","43","Potential violation of Law of Demeter (method chain calls)","Coupling","LawOfDemeter"
"82","com.travel.management.controller","src/main/java/com/travel/management/controller/UserController.java","3","49","Avoid variables with short names like id","Naming","ShortVariable"
"83","com.travel.management.controller","src/main/java/com/travel/management/controller/UserController.java","3","49","Parameter 'id' is not assigned and could be declared final","Optimization","MethodArgumentCouldBeFinal"
"84","com.travel.management.controller","src/main/java/com/travel/management/controller/UserController.java","3","49","publicMethodCommentRequirement Required","Comments","CommentRequired"
"85","com.travel.management.controller","src/main/java/com/travel/management/controller/UserController.java","3","50","Potential violation of Law of Demeter (method chain calls)","Coupling","LawOfDemeter"
"86","com.travel.management.controller","src/main/java/com/travel/management/controller/UserController.java","3","50","Potential violation of Law of Demeter (method chain calls)","Coupling","LawOfDemeter"
"87","com.travel.management.controller","src/main/java/com/travel/management/controller/UserController.java","3","50","Potential violation of Law of Demeter (method chain calls)","Coupling","LawOfDemeter"
"88","com.travel.management.controller","src/main/java/com/travel/management/controller/UserController.java","3","56","Avoid variables with short names like id","Naming","ShortVariable"
"89","com.travel.management.controller","src/main/java/com/travel/management/controller/UserController.java","3","56","Parameter 'id' is not assigned and could be declared final","Optimization","MethodArgumentCouldBeFinal"
"90","com.travel.management.controller","src/main/java/com/travel/management/controller/UserController.java","3","56","publicMethodCommentRequirement Required","Comments","CommentRequired"
"91","com.travel.management.controller","src/main/java/com/travel/management/controller/UserController.java","3","57","Potential violation of Law of Demeter (method chain calls)","Coupling","LawOfDemeter"
"92","com.travel.management.controller","src/main/java/com/travel/management/controller/UserController.java","3","57","Potential violation of Law of Demeter (method chain calls)","Coupling","LawOfDemeter"
"93","com.travel.management.controller","src/main/java/com/travel/management/controller/UserController.java","3","57","Potential violation of Law of Demeter (method chain calls)","Coupling","LawOfDemeter"
"94","com.travel.management.dao","src/main/java/com/travel/management/dao/RoleDao.java","3","12","headerCommentRequirement Required","Comments","CommentRequired"
"95","com.travel.management.dao","src/main/java/com/travel/management/dao/RoleDao.java","3","15","publicMethodCommentRequirement Required","Comments","CommentRequired"
"96","com.travel.management.dao","src/main/java/com/travel/management/dao/UserDao.java","3","9","headerCommentRequirement Required","Comments","CommentRequired"
"97","com.travel.management.dao","src/main/java/com/travel/management/dao/UserDao.java","3","11","publicMethodCommentRequirement Required","Comments","CommentRequired"
"98","com.travel.management.dao","src/main/java/com/travel/management/dao/UserDao.java","3","12","publicMethodCommentRequirement Required","Comments","CommentRequired"
"99","com.travel.management.dto","src/main/java/com/travel/management/dto/ApiResponse.java","3","5","headerCommentRequirement Required","Comments","CommentRequired"
"100","com.travel.management.dto","src/main/java/com/travel/management/dto/ApiResponse.java","3","7","fieldCommentRequirement Required","Comments","CommentRequired"
"101","com.travel.management.dto","src/main/java/com/travel/management/dto/ApiResponse.java","3","8","fieldCommentRequirement Required","Comments","CommentRequired"
"102","com.travel.management.dto","src/main/java/com/travel/management/dto/ApiResponse.java","3","9","fieldCommentRequirement Required","Comments","CommentRequired"
"103","com.travel.management.dto","src/main/java/com/travel/management/dto/ApiResponse.java","3","11","Parameter 'message' is not assigned and could be declared final","Optimization","MethodArgumentCouldBeFinal"
"104","com.travel.management.dto","src/main/java/com/travel/management/dto/ApiResponse.java","3","11","Parameter 'result' is not assigned and could be declared final","Optimization","MethodArgumentCouldBeFinal"
"105","com.travel.management.dto","src/main/java/com/travel/management/dto/ApiResponse.java","3","11","Parameter 'status' is not assigned and could be declared final","Optimization","MethodArgumentCouldBeFinal"
"106","com.travel.management.dto","src/main/java/com/travel/management/dto/ApiResponse.java","3","11","publicMethodCommentRequirement Required","Comments","CommentRequired"
"107","com.travel.management.dto","src/main/java/com/travel/management/dto/ApiResponse.java","3","17","Parameter 'message' is not assigned and could be declared final","Optimization","MethodArgumentCouldBeFinal"
"108","com.travel.management.dto","src/main/java/com/travel/management/dto/ApiResponse.java","3","17","Parameter 'status' is not assigned and could be declared final","Optimization","MethodArgumentCouldBeFinal"
"109","com.travel.management.dto","src/main/java/com/travel/management/dto/ApiResponse.java","3","17","publicMethodCommentRequirement Required","Comments","CommentRequired"
"110","com.travel.management.dto","src/main/java/com/travel/management/dto/ApiResponse.java","3","22","publicMethodCommentRequirement Required","Comments","CommentRequired"
"111","com.travel.management.dto","src/main/java/com/travel/management/dto/ApiResponse.java","3","26","Parameter 'status' is not assigned and could be declared final","Optimization","MethodArgumentCouldBeFinal"
"112","com.travel.management.dto","src/main/java/com/travel/management/dto/ApiResponse.java","3","26","publicMethodCommentRequirement Required","Comments","CommentRequired"
"113","com.travel.management.dto","src/main/java/com/travel/management/dto/ApiResponse.java","3","30","publicMethodCommentRequirement Required","Comments","CommentRequired"
"114","com.travel.management.dto","src/main/java/com/travel/management/dto/ApiResponse.java","3","34","Parameter 'message' is not assigned and could be declared final","Optimization","MethodArgumentCouldBeFinal"
"115","com.travel.management.dto","src/main/java/com/travel/management/dto/ApiResponse.java","3","34","publicMethodCommentRequirement Required","Comments","CommentRequired"
"116","com.travel.management.dto","src/main/java/com/travel/management/dto/ApiResponse.java","3","38","publicMethodCommentRequirement Required","Comments","CommentRequired"
"117","com.travel.management.dto","src/main/java/com/travel/management/dto/ApiResponse.java","3","42","Parameter 'result' is not assigned and could be declared final","Optimization","MethodArgumentCouldBeFinal"
"118","com.travel.management.dto","src/main/java/com/travel/management/dto/ApiResponse.java","3","42","publicMethodCommentRequirement Required","Comments","CommentRequired"
"119","com.travel.management.dto","src/main/java/com/travel/management/dto/ApiResponse.java","3","47","publicMethodCommentRequirement Required","Comments","CommentRequired"
"120","com.travel.management.dto","src/main/java/com/travel/management/dto/UserDto.java","3","5","Each class should declare at least one constructor","Controversial","AtLeastOneConstructor"
"121","com.travel.management.dto","src/main/java/com/travel/management/dto/UserDto.java","3","5","headerCommentRequirement Required","Comments","CommentRequired"
"122","com.travel.management.dto","src/main/java/com/travel/management/dto/UserDto.java","3","7","Avoid variables with short names like id","Naming","ShortVariable"
"123","com.travel.management.dto","src/main/java/com/travel/management/dto/UserDto.java","3","7","fieldCommentRequirement Required","Comments","CommentRequired"
"124","com.travel.management.dto","src/main/java/com/travel/management/dto/UserDto.java","3","8","fieldCommentRequirement Required","Comments","CommentRequired"
"125","com.travel.management.dto","src/main/java/com/travel/management/dto/UserDto.java","3","9","fieldCommentRequirement Required","Comments","CommentRequired"
"126","com.travel.management.dto","src/main/java/com/travel/management/dto/UserDto.java","3","10","fieldCommentRequirement Required","Comments","CommentRequired"
"127","com.travel.management.dto","src/main/java/com/travel/management/dto/UserDto.java","3","11","fieldCommentRequirement Required","Comments","CommentRequired"
"128","com.travel.management.dto","src/main/java/com/travel/management/dto/UserDto.java","3","12","fieldCommentRequirement Required","Comments","CommentRequired"
"129","com.travel.management.dto","src/main/java/com/travel/management/dto/UserDto.java","3","13","fieldCommentRequirement Required","Comments","CommentRequired"
"130","com.travel.management.dto","src/main/java/com/travel/management/dto/UserDto.java","3","15","publicMethodCommentRequirement Required","Comments","CommentRequired"
"131","com.travel.management.dto","src/main/java/com/travel/management/dto/UserDto.java","3","19","Avoid variables with short names like id","Naming","ShortVariable"
"132","com.travel.management.dto","src/main/java/com/travel/management/dto/UserDto.java","3","19","Parameter 'id' is not assigned and could be declared final","Optimization","MethodArgumentCouldBeFinal"
"133","com.travel.management.dto","src/main/java/com/travel/management/dto/UserDto.java","3","19","publicMethodCommentRequirement Required","Comments","CommentRequired"
"134","com.travel.management.dto","src/main/java/com/travel/management/dto/UserDto.java","3","23","publicMethodCommentRequirement Required","Comments","CommentRequired"
"135","com.travel.management.dto","src/main/java/com/travel/management/dto/UserDto.java","3","27","Parameter 'firstName' is not assigned and could be declared final","Optimization","MethodArgumentCouldBeFinal"
"136","com.travel.management.dto","src/main/java/com/travel/management/dto/UserDto.java","3","27","publicMethodCommentRequirement Required","Comments","CommentRequired"
"137","com.travel.management.dto","src/main/java/com/travel/management/dto/UserDto.java","3","31","publicMethodCommentRequirement Required","Comments","CommentRequired"
"138","com.travel.management.dto","src/main/java/com/travel/management/dto/UserDto.java","3","35","Parameter 'lastName' is not assigned and could be declared final","Optimization","MethodArgumentCouldBeFinal"
"139","com.travel.management.dto","src/main/java/com/travel/management/dto/UserDto.java","3","35","publicMethodCommentRequirement Required","Comments","CommentRequired"
"140","com.travel.management.dto","src/main/java/com/travel/management/dto/UserDto.java","3","39","publicMethodCommentRequirement Required","Comments","CommentRequired"
"141","com.travel.management.dto","src/main/java/com/travel/management/dto/UserDto.java","3","43","Parameter 'username' is not assigned and could be declared final","Optimization","MethodArgumentCouldBeFinal"
"142","com.travel.management.dto","src/main/java/com/travel/management/dto/UserDto.java","3","43","publicMethodCommentRequirement Required","Comments","CommentRequired"
"143","com.travel.management.dto","src/main/java/com/travel/management/dto/UserDto.java","3","47","publicMethodCommentRequirement Required","Comments","CommentRequired"
"144","com.travel.management.dto","src/main/java/com/travel/management/dto/UserDto.java","3","51","Parameter 'password' is not assigned and could be declared final","Optimization","MethodArgumentCouldBeFinal"
"145","com.travel.management.dto","src/main/java/com/travel/management/dto/UserDto.java","3","51","publicMethodCommentRequirement Required","Comments","CommentRequired"
"146","com.travel.management.dto","src/main/java/com/travel/management/dto/UserDto.java","3","55","publicMethodCommentRequirement Required","Comments","CommentRequired"
"147","com.travel.management.dto","src/main/java/com/travel/management/dto/UserDto.java","3","59","Parameter 'email' is not assigned and could be declared final","Optimization","MethodArgumentCouldBeFinal"
"148","com.travel.management.dto","src/main/java/com/travel/management/dto/UserDto.java","3","59","publicMethodCommentRequirement Required","Comments","CommentRequired"
"149","com.travel.management.dto","src/main/java/com/travel/management/dto/UserDto.java","3","63","publicMethodCommentRequirement Required","Comments","CommentRequired"
"150","com.travel.management.dto","src/main/java/com/travel/management/dto/UserDto.java","3","67","Parameter 'role' is not assigned and could be declared final","Optimization","MethodArgumentCouldBeFinal"
"151","com.travel.management.dto","src/main/java/com/travel/management/dto/UserDto.java","3","67","publicMethodCommentRequirement Required","Comments","CommentRequired"
"152","com.travel.management.dto","src/main/java/com/travel/management/dto/UserDto.java","3","72","publicMethodCommentRequirement Required","Comments","CommentRequired"
"153","com.travel.management.model","src/main/java/com/travel/management/model/Role.java","4","7","Avoid short class names like Role","Naming","ShortClassName"
"154","com.travel.management.model","src/main/java/com/travel/management/model/Role.java","3","7","Each class should declare at least one constructor","Controversial","AtLeastOneConstructor"
"155","com.travel.management.model","src/main/java/com/travel/management/model/Role.java","3","7","headerCommentRequirement Required","Comments","CommentRequired"
"156","com.travel.management.model","src/main/java/com/travel/management/model/Role.java","3","12","Avoid variables with short names like id","Naming","ShortVariable"
"157","com.travel.management.model","src/main/java/com/travel/management/model/Role.java","3","12","fieldCommentRequirement Required","Comments","CommentRequired"
"158","com.travel.management.model","src/main/java/com/travel/management/model/Role.java","3","16","fieldCommentRequirement Required","Comments","CommentRequired"
"159","com.travel.management.model","src/main/java/com/travel/management/model/Role.java","3","18","fieldCommentRequirement Required","Comments","CommentRequired"
"160","com.travel.management.model","src/main/java/com/travel/management/model/Role.java","3","20","fieldCommentRequirement Required","Comments","CommentRequired"
"161","com.travel.management.model","src/main/java/com/travel/management/model/Role.java","3","22","fieldCommentRequirement Required","Comments","CommentRequired"
"162","com.travel.management.model","src/main/java/com/travel/management/model/Role.java","3","24","publicMethodCommentRequirement Required","Comments","CommentRequired"
"163","com.travel.management.model","src/main/java/com/travel/management/model/Role.java","3","28","Parameter 'name' is not assigned and could be declared final","Optimization","MethodArgumentCouldBeFinal"
"164","com.travel.management.model","src/main/java/com/travel/management/model/Role.java","3","28","publicMethodCommentRequirement Required","Comments","CommentRequired"
"165","com.travel.management.model","src/main/java/com/travel/management/model/Role.java","3","32","publicMethodCommentRequirement Required","Comments","CommentRequired"
"166","com.travel.management.model","src/main/java/com/travel/management/model/Role.java","3","36","Parameter 'description' is not assigned and could be declared final","Optimization","MethodArgumentCouldBeFinal"
"167","com.travel.management.model","src/main/java/com/travel/management/model/Role.java","3","36","publicMethodCommentRequirement Required","Comments","CommentRequired"
"168","com.travel.management.model","src/main/java/com/travel/management/model/Role.java","3","40","publicMethodCommentRequirement Required","Comments","CommentRequired"
"169","com.travel.management.model","src/main/java/com/travel/management/model/Role.java","3","44","Avoid variables with short names like id","Naming","ShortVariable"
"170","com.travel.management.model","src/main/java/com/travel/management/model/Role.java","3","44","Parameter 'id' is not assigned and could be declared final","Optimization","MethodArgumentCouldBeFinal"
"171","com.travel.management.model","src/main/java/com/travel/management/model/Role.java","3","44","publicMethodCommentRequirement Required","Comments","CommentRequired"
"172","com.travel.management.model","src/main/java/com/travel/management/model/Role.java","3","48","publicMethodCommentRequirement Required","Comments","CommentRequired"
"173","com.travel.management.model","src/main/java/com/travel/management/model/Role.java","3","52","Parameter 'createdOn' is not assigned and could be declared final","Optimization","MethodArgumentCouldBeFinal"
"174","com.travel.management.model","src/main/java/com/travel/management/model/Role.java","3","52","publicMethodCommentRequirement Required","Comments","CommentRequired"
"175","com.travel.management.model","src/main/java/com/travel/management/model/Role.java","3","56","publicMethodCommentRequirement Required","Comments","CommentRequired"
"176","com.travel.management.model","src/main/java/com/travel/management/model/Role.java","3","60","Parameter 'modifiedOn' is not assigned and could be declared final","Optimization","MethodArgumentCouldBeFinal"
"177","com.travel.management.model","src/main/java/com/travel/management/model/Role.java","3","60","publicMethodCommentRequirement Required","Comments","CommentRequired"
"178","com.travel.management.model","src/main/java/com/travel/management/model/RoleType.java","3","3","enumCommentRequirement Required","Comments","CommentRequired"
"179","com.travel.management.model","src/main/java/com/travel/management/model/User.java","4","12","Avoid short class names like User","Naming","ShortClassName"
"180","com.travel.management.model","src/main/java/com/travel/management/model/User.java","3","12","Each class should declare at least one constructor","Controversial","AtLeastOneConstructor"
"181","com.travel.management.model","src/main/java/com/travel/management/model/User.java","3","12","headerCommentRequirement Required","Comments","CommentRequired"
"182","com.travel.management.model","src/main/java/com/travel/management/model/User.java","3","17","Avoid variables with short names like id","Naming","ShortVariable"
"183","com.travel.management.model","src/main/java/com/travel/management/model/User.java","3","17","fieldCommentRequirement Required","Comments","CommentRequired"
"184","com.travel.management.model","src/main/java/com/travel/management/model/User.java","3","19","fieldCommentRequirement Required","Comments","CommentRequired"
"185","com.travel.management.model","src/main/java/com/travel/management/model/User.java","3","21","fieldCommentRequirement Required","Comments","CommentRequired"
"186","com.travel.management.model","src/main/java/com/travel/management/model/User.java","3","23","fieldCommentRequirement Required","Comments","CommentRequired"
"187","com.travel.management.model","src/main/java/com/travel/management/model/User.java","3","25","fieldCommentRequirement Required","Comments","CommentRequired"
"188","com.travel.management.model","src/main/java/com/travel/management/model/User.java","3","27","fieldCommentRequirement Required","Comments","CommentRequired"
"189","com.travel.management.model","src/main/java/com/travel/management/model/User.java","3","32","fieldCommentRequirement Required","Comments","CommentRequired"
"190","com.travel.management.model","src/main/java/com/travel/management/model/User.java","3","34","publicMethodCommentRequirement Required","Comments","CommentRequired"
"191","com.travel.management.model","src/main/java/com/travel/management/model/User.java","3","38","Parameter 'roles' is not assigned and could be declared final","Optimization","MethodArgumentCouldBeFinal"
"192","com.travel.management.model","src/main/java/com/travel/management/model/User.java","3","38","publicMethodCommentRequirement Required","Comments","CommentRequired"
"193","com.travel.management.model","src/main/java/com/travel/management/model/User.java","3","42","publicMethodCommentRequirement Required","Comments","CommentRequired"
"194","com.travel.management.model","src/main/java/com/travel/management/model/User.java","3","46","Avoid variables with short names like id","Naming","ShortVariable"
"195","com.travel.management.model","src/main/java/com/travel/management/model/User.java","3","46","Parameter 'id' is not assigned and could be declared final","Optimization","MethodArgumentCouldBeFinal"
"196","com.travel.management.model","src/main/java/com/travel/management/model/User.java","3","46","publicMethodCommentRequirement Required","Comments","CommentRequired"
"197","com.travel.management.model","src/main/java/com/travel/management/model/User.java","3","50","publicMethodCommentRequirement Required","Comments","CommentRequired"
"198","com.travel.management.model","src/main/java/com/travel/management/model/User.java","3","54","Parameter 'firstName' is not assigned and could be declared final","Optimization","MethodArgumentCouldBeFinal"
"199","com.travel.management.model","src/main/java/com/travel/management/model/User.java","3","54","publicMethodCommentRequirement Required","Comments","CommentRequired"
"200","com.travel.management.model","src/main/java/com/travel/management/model/User.java","3","58","publicMethodCommentRequirement Required","Comments","CommentRequired"
"201","com.travel.management.model","src/main/java/com/travel/management/model/User.java","3","62","Parameter 'lastName' is not assigned and could be declared final","Optimization","MethodArgumentCouldBeFinal"
"202","com.travel.management.model","src/main/java/com/travel/management/model/User.java","3","62","publicMethodCommentRequirement Required","Comments","CommentRequired"
"203","com.travel.management.model","src/main/java/com/travel/management/model/User.java","3","66","publicMethodCommentRequirement Required","Comments","CommentRequired"
"204","com.travel.management.model","src/main/java/com/travel/management/model/User.java","3","70","Parameter 'username' is not assigned and could be declared final","Optimization","MethodArgumentCouldBeFinal"
"205","com.travel.management.model","src/main/java/com/travel/management/model/User.java","3","70","publicMethodCommentRequirement Required","Comments","CommentRequired"
"206","com.travel.management.model","src/main/java/com/travel/management/model/User.java","3","74","publicMethodCommentRequirement Required","Comments","CommentRequired"
"207","com.travel.management.model","src/main/java/com/travel/management/model/User.java","3","78","Parameter 'password' is not assigned and could be declared final","Optimization","MethodArgumentCouldBeFinal"
"208","com.travel.management.model","src/main/java/com/travel/management/model/User.java","3","78","publicMethodCommentRequirement Required","Comments","CommentRequired"
"209","com.travel.management.model","src/main/java/com/travel/management/model/User.java","3","82","publicMethodCommentRequirement Required","Comments","CommentRequired"
"210","com.travel.management.model","src/main/java/com/travel/management/model/User.java","3","86","Parameter 'email' is not assigned and could be declared final","Optimization","MethodArgumentCouldBeFinal"
"211","com.travel.management.model","src/main/java/com/travel/management/model/User.java","3","86","publicMethodCommentRequirement Required","Comments","CommentRequired"
"212","com.travel.management.model","src/main/java/com/travel/management/model/User.java","3","90","publicMethodCommentRequirement Required","Comments","CommentRequired"
"213","com.travel.management.model","src/main/java/com/travel/management/model/User.java","3","91","Local variable 'userDto' could be declared final","Optimization","LocalVariableCouldBeFinal"
"214","com.travel.management.model","src/main/java/com/travel/management/model/User.java","3","92","Potential violation of Law of Demeter (method chain calls)","Coupling","LawOfDemeter"
"215","com.travel.management.model","src/main/java/com/travel/management/model/User.java","3","93","Potential violation of Law of Demeter (method chain calls)","Coupling","LawOfDemeter"
"216","com.travel.management.model","src/main/java/com/travel/management/model/User.java","3","94","Potential violation of Law of Demeter (method chain calls)","Coupling","LawOfDemeter"
"217","com.travel.management.model","src/main/java/com/travel/management/model/User.java","3","95","Potential violation of Law of Demeter (method chain calls)","Coupling","LawOfDemeter"
"218","com.travel.management.model","src/main/java/com/travel/management/model/User.java","3","96","Potential violation of Law of Demeter (method chain calls)","Coupling","LawOfDemeter"
"219","com.travel.management.model","src/main/java/com/travel/management/model/User.java","3","97","Potential violation of Law of Demeter (method chain calls)","Coupling","LawOfDemeter"
"220","com.travel.management.model","src/main/java/com/travel/management/model/User.java","3","97","Potential violation of Law of Demeter (method chain calls)","Coupling","LawOfDemeter"
"221","com.travel.management.model","src/main/java/com/travel/management/model/User.java","3","97","Potential violation of Law of Demeter (method chain calls)","Coupling","LawOfDemeter"
"222","com.travel.management.model","src/main/java/com/travel/management/model/User.java","3","97","Potential violation of Law of Demeter (method chain calls)","Coupling","LawOfDemeter"
"223","com.travel.management.model","src/main/java/com/travel/management/model/User.java","3","97","Potential violation of Law of Demeter (method chain calls)","Coupling","LawOfDemeter"
"224","com.travel.management.model","src/main/java/com/travel/management/model/User.java","3","97","Potential violation of Law of Demeter (method chain calls)","Coupling","LawOfDemeter"
"225","com.travel.management.model","src/main/java/com/travel/management/model/User.java","3","97","Potential violation of Law of Demeter (method chain calls)","Coupling","LawOfDemeter"
"226","com.travel.management.service","src/main/java/com/travel/management/service/AuthenticationFacadeService.java","3","5","headerCommentRequirement Required","Comments","CommentRequired"
"227","com.travel.management.service","src/main/java/com/travel/management/service/AuthenticationFacadeService.java","3","7","publicMethodCommentRequirement Required","Comments","CommentRequired"
"228","com.travel.management.service","src/main/java/com/travel/management/service/UserService.java","3","8","headerCommentRequirement Required","Comments","CommentRequired"
"229","com.travel.management.service","src/main/java/com/travel/management/service/UserService.java","3","10","publicMethodCommentRequirement Required","Comments","CommentRequired"
"230","com.travel.management.service","src/main/java/com/travel/management/service/UserService.java","3","11","publicMethodCommentRequirement Required","Comments","CommentRequired"
"231","com.travel.management.service","src/main/java/com/travel/management/service/UserService.java","3","12","Avoid variables with short names like id","Naming","ShortVariable"
"232","com.travel.management.service","src/main/java/com/travel/management/service/UserService.java","3","12","publicMethodCommentRequirement Required","Comments","CommentRequired"
"233","com.travel.management.service","src/main/java/com/travel/management/service/UserService.java","3","13","Avoid variables with short names like id","Naming","ShortVariable"
"234","com.travel.management.service","src/main/java/com/travel/management/service/UserService.java","3","13","publicMethodCommentRequirement Required","Comments","CommentRequired"
"235","com.travel.management.service.impl","src/main/java/com/travel/management/service/impl/AuthenticationFacadeServiceImpl.java","3","10","Each class should declare at least one constructor","Controversial","AtLeastOneConstructor"
"236","com.travel.management.service.impl","src/main/java/com/travel/management/service/impl/AuthenticationFacadeServiceImpl.java","3","10","headerCommentRequirement Required","Comments","CommentRequired"
"237","com.travel.management.service.impl","src/main/java/com/travel/management/service/impl/AuthenticationFacadeServiceImpl.java","3","13","publicMethodCommentRequirement Required","Comments","CommentRequired"
"238","com.travel.management.service.impl","src/main/java/com/travel/management/service/impl/AuthenticationFacadeServiceImpl.java","3","14","Potential violation of Law of Demeter (method chain calls)","Coupling","LawOfDemeter"
"239","com.travel.management.service.impl","src/main/java/com/travel/management/service/impl/UserServiceImpl.java","3","30","Each class should declare at least one constructor","Controversial","AtLeastOneConstructor"
"240","com.travel.management.service.impl","src/main/java/com/travel/management/service/impl/UserServiceImpl.java","3","30","headerCommentRequirement Required","Comments","CommentRequired"
"241","com.travel.management.service.impl","src/main/java/com/travel/management/service/impl/UserServiceImpl.java","1","32","Variables that are final and static should be all capitals, 'log' is not all capitals.","Naming","VariableNamingConventions"
"242","com.travel.management.service.impl","src/main/java/com/travel/management/service/impl/UserServiceImpl.java","3","32","fieldCommentRequirement Required","Comments","CommentRequired"
"243","com.travel.management.service.impl","src/main/java/com/travel/management/service/impl/UserServiceImpl.java","3","35","Found non-transient, non-static member. Please mark as transient or provide accessors.","JavaBeans","BeanMembersShouldSerialize"
"244","com.travel.management.service.impl","src/main/java/com/travel/management/service/impl/UserServiceImpl.java","3","35","fieldCommentRequirement Required","Comments","CommentRequired"
"245","com.travel.management.service.impl","src/main/java/com/travel/management/service/impl/UserServiceImpl.java","3","38","Found non-transient, non-static member. Please mark as transient or provide accessors.","JavaBeans","BeanMembersShouldSerialize"
"246","com.travel.management.service.impl","src/main/java/com/travel/management/service/impl/UserServiceImpl.java","3","38","fieldCommentRequirement Required","Comments","CommentRequired"
"247","com.travel.management.service.impl","src/main/java/com/travel/management/service/impl/UserServiceImpl.java","3","41","Found non-transient, non-static member. Please mark as transient or provide accessors.","JavaBeans","BeanMembersShouldSerialize"
"248","com.travel.management.service.impl","src/main/java/com/travel/management/service/impl/UserServiceImpl.java","3","41","fieldCommentRequirement Required","Comments","CommentRequired"
"249","com.travel.management.service.impl","src/main/java/com/travel/management/service/impl/UserServiceImpl.java","3","43","Parameter 'userId' is not assigned and could be declared final","Optimization","MethodArgumentCouldBeFinal"
"250","com.travel.management.service.impl","src/main/java/com/travel/management/service/impl/UserServiceImpl.java","3","43","publicMethodCommentRequirement Required","Comments","CommentRequired"
"251","com.travel.management.service.impl","src/main/java/com/travel/management/service/impl/UserServiceImpl.java","3","44","Local variable 'user' could be declared final","Optimization","LocalVariableCouldBeFinal"
"252","com.travel.management.service.impl","src/main/java/com/travel/management/service/impl/UserServiceImpl.java","3","49","Avoid excessively long variable names like grantedAuthorities","Naming","LongVariable"
"253","com.travel.management.service.impl","src/main/java/com/travel/management/service/impl/UserServiceImpl.java","3","49","Local variable 'grantedAuthorities' could be declared final","Optimization","LocalVariableCouldBeFinal"
"254","com.travel.management.service.impl","src/main/java/com/travel/management/service/impl/UserServiceImpl.java","3","52","Potential violation of Law of Demeter (object not created locally)","Coupling","LawOfDemeter"
"255","com.travel.management.service.impl","src/main/java/com/travel/management/service/impl/UserServiceImpl.java","3","52","Potential violation of Law of Demeter (object not created locally)","Coupling","LawOfDemeter"
"256","com.travel.management.service.impl","src/main/java/com/travel/management/service/impl/UserServiceImpl.java","3","55","Parameter 'user' is not assigned and could be declared final","Optimization","MethodArgumentCouldBeFinal"
"257","com.travel.management.service.impl","src/main/java/com/travel/management/service/impl/UserServiceImpl.java","3","56","Local variable 'roleByUserId' could be declared final","Optimization","LocalVariableCouldBeFinal"
"258","com.travel.management.service.impl","src/main/java/com/travel/management/service/impl/UserServiceImpl.java","3","57","Potential violation of Law of Demeter (method chain calls)","Coupling","LawOfDemeter"
"259","com.travel.management.service.impl","src/main/java/com/travel/management/service/impl/UserServiceImpl.java","3","57","Potential violation of Law of Demeter (method chain calls)","Coupling","LawOfDemeter"
"260","com.travel.management.service.impl","src/main/java/com/travel/management/service/impl/UserServiceImpl.java","3","57","When doing a String.toLowerCase()/toUpperCase() call, use a Locale","Design","UseLocaleWithCaseConversions"
"261","com.travel.management.service.impl","src/main/java/com/travel/management/service/impl/UserServiceImpl.java","3","58","Consider simply returning the value vs storing it in local variable 'authorities'","Design","UnnecessaryLocalBeforeReturn"
"262","com.travel.management.service.impl","src/main/java/com/travel/management/service/impl/UserServiceImpl.java","3","61","publicMethodCommentRequirement Required","Comments","CommentRequired"
"263","com.travel.management.service.impl","src/main/java/com/travel/management/service/impl/UserServiceImpl.java","3","62","Local variable 'users' could be declared final","Optimization","LocalVariableCouldBeFinal"
"264","com.travel.management.service.impl","src/main/java/com/travel/management/service/impl/UserServiceImpl.java","3","63","Potential violation of Law of Demeter (method chain calls)","Coupling","LawOfDemeter"
"265","com.travel.management.service.impl","src/main/java/com/travel/management/service/impl/UserServiceImpl.java","3","63","Potential violation of Law of Demeter (method chain calls)","Coupling","LawOfDemeter"
"266","com.travel.management.service.impl","src/main/java/com/travel/management/service/impl/UserServiceImpl.java","3","68","Avoid variables with short names like id","Naming","ShortVariable"
"267","com.travel.management.service.impl","src/main/java/com/travel/management/service/impl/UserServiceImpl.java","3","68","Parameter 'id' is not assigned and could be declared final","Optimization","MethodArgumentCouldBeFinal"
"268","com.travel.management.service.impl","src/main/java/com/travel/management/service/impl/UserServiceImpl.java","3","68","publicMethodCommentRequirement Required","Comments","CommentRequired"
"269","com.travel.management.service.impl","src/main/java/com/travel/management/service/impl/UserServiceImpl.java","3","69","Potential violation of Law of Demeter (method chain calls)","Coupling","LawOfDemeter"
"270","com.travel.management.service.impl","src/main/java/com/travel/management/service/impl/UserServiceImpl.java","3","73","Avoid variables with short names like id","Naming","ShortVariable"
"271","com.travel.management.service.impl","src/main/java/com/travel/management/service/impl/UserServiceImpl.java","3","73","Parameter 'id' is not assigned and could be declared final","Optimization","MethodArgumentCouldBeFinal"
"272","com.travel.management.service.impl","src/main/java/com/travel/management/service/impl/UserServiceImpl.java","3","73","publicMethodCommentRequirement Required","Comments","CommentRequired"
"273","com.travel.management.service.impl","src/main/java/com/travel/management/service/impl/UserServiceImpl.java","3","78","Parameter 'userDto' is not assigned and could be declared final","Optimization","MethodArgumentCouldBeFinal"
"274","com.travel.management.service.impl","src/main/java/com/travel/management/service/impl/UserServiceImpl.java","3","78","publicMethodCommentRequirement Required","Comments","CommentRequired"
"275","com.travel.management.service.impl","src/main/java/com/travel/management/service/impl/UserServiceImpl.java","3","79","Avoid excessively long variable names like userWithDuplicateUsername","Naming","LongVariable"
"276","com.travel.management.service.impl","src/main/java/com/travel/management/service/impl/UserServiceImpl.java","3","79","Local variable 'userWithDuplicateUsername' could be declared final","Optimization","LocalVariableCouldBeFinal"
"277","com.travel.management.service.impl","src/main/java/com/travel/management/service/impl/UserServiceImpl.java","3","80","Potential violation of Law of Demeter (object not created locally)","Coupling","LawOfDemeter"
"278","com.travel.management.service.impl","src/main/java/com/travel/management/service/impl/UserServiceImpl.java","1","82","Avoid throwing raw exception types.","Strict Exceptions","AvoidThrowingRawExceptionTypes"
"279","com.travel.management.service.impl","src/main/java/com/travel/management/service/impl/UserServiceImpl.java","3","84","Avoid excessively long variable names like userWithDuplicateEmail","Naming","LongVariable"
"280","com.travel.management.service.impl","src/main/java/com/travel/management/service/impl/UserServiceImpl.java","3","84","Local variable 'userWithDuplicateEmail' could be declared final","Optimization","LocalVariableCouldBeFinal"
"281","com.travel.management.service.impl","src/main/java/com/travel/management/service/impl/UserServiceImpl.java","3","85","Potential violation of Law of Demeter (object not created locally)","Coupling","LawOfDemeter"
"282","com.travel.management.service.impl","src/main/java/com/travel/management/service/impl/UserServiceImpl.java","1","87","Avoid throwing raw exception types.","Strict Exceptions","AvoidThrowingRawExceptionTypes"
"283","com.travel.management.service.impl","src/main/java/com/travel/management/service/impl/UserServiceImpl.java","3","89","Local variable 'user' could be declared final","Optimization","LocalVariableCouldBeFinal"
"284","com.travel.management.service.impl","src/main/java/com/travel/management/service/impl/UserServiceImpl.java","3","95","Local variable 'roleTypes' could be declared final","Optimization","LocalVariableCouldBeFinal"
"285","com.travel.management.service.impl","src/main/java/com/travel/management/service/impl/UserServiceImpl.java","3","96","Potential violation of Law of Demeter (method chain calls)","Coupling","LawOfDemeter"
"286","com.travel.management.service.impl","src/main/java/com/travel/management/service/impl/UserServiceImpl.java","3","96","Potential violation of Law of Demeter (method chain calls)","Coupling","LawOfDemeter"
"287","com.devglan.rolebasedoauth2","src/test/java/com/devglan/rolebasedoauth2/RoleBasedOauth2ApplicationTests.java","3","21","headerCommentRequirement Required","Comments","CommentRequired"
"288","com.devglan.rolebasedoauth2","src/test/java/com/devglan/rolebasedoauth2/RoleBasedOauth2ApplicationTests.java","3","22","fieldCommentRequirement Required","Comments","CommentRequired"
"289","com.devglan.rolebasedoauth2","src/test/java/com/devglan/rolebasedoauth2/RoleBasedOauth2ApplicationTests.java","3","27","Local variable 'headers' could be declared final","Optimization","LocalVariableCouldBeFinal"
"290","com.devglan.rolebasedoauth2","src/test/java/com/devglan/rolebasedoauth2/RoleBasedOauth2ApplicationTests.java","3","32","Comment is too large: Line too long","Comments","CommentSize"
"291","com.devglan.rolebasedoauth2","src/test/java/com/devglan/rolebasedoauth2/RoleBasedOauth2ApplicationTests.java","3","35","Avoid excessively long variable names like plainClientCredentials","Naming","LongVariable"
"292","com.devglan.rolebasedoauth2","src/test/java/com/devglan/rolebasedoauth2/RoleBasedOauth2ApplicationTests.java","3","35","Local variable 'plainClientCredentials' could be declared final","Optimization","LocalVariableCouldBeFinal"
"293","com.devglan.rolebasedoauth2","src/test/java/com/devglan/rolebasedoauth2/RoleBasedOauth2ApplicationTests.java","3","36","Avoid excessively long variable names like base64ClientCredentials","Naming","LongVariable"
"294","com.devglan.rolebasedoauth2","src/test/java/com/devglan/rolebasedoauth2/RoleBasedOauth2ApplicationTests.java","3","36","Local variable 'base64ClientCredentials' could be declared final","Optimization","LocalVariableCouldBeFinal"
"295","com.devglan.rolebasedoauth2","src/test/java/com/devglan/rolebasedoauth2/RoleBasedOauth2ApplicationTests.java","3","36","Potential violation of Law of Demeter (object not created locally)","Coupling","LawOfDemeter"
"296","com.devglan.rolebasedoauth2","src/test/java/com/devglan/rolebasedoauth2/RoleBasedOauth2ApplicationTests.java","3","38","Local variable 'headers' could be declared final","Optimization","LocalVariableCouldBeFinal"
"297","com.devglan.rolebasedoauth2","src/test/java/com/devglan/rolebasedoauth2/RoleBasedOauth2ApplicationTests.java","3","39","Potential violation of Law of Demeter (object not created locally)","Coupling","LawOfDemeter"
"298","com.devglan.rolebasedoauth2","src/test/java/com/devglan/rolebasedoauth2/RoleBasedOauth2ApplicationTests.java","3","43","publicMethodCommentRequirement Required","Comments","CommentRequired"
"299","com.devglan.rolebasedoauth2","src/test/java/com/devglan/rolebasedoauth2/RoleBasedOauth2ApplicationTests.java","3","44","Local variable 'restTemplate' could be declared final","Optimization","LocalVariableCouldBeFinal"
"300","com.devglan.rolebasedoauth2","src/test/java/com/devglan/rolebasedoauth2/RoleBasedOauth2ApplicationTests.java","3","45","Local variable 'isSuccessed' could be declared final","Optimization","LocalVariableCouldBeFinal"
"301","com.devglan.rolebasedoauth2","src/test/java/com/devglan/rolebasedoauth2/RoleBasedOauth2ApplicationTests.java","3","46","Local variable 'request' could be declared final","Optimization","LocalVariableCouldBeFinal"
"302","com.devglan.rolebasedoauth2","src/test/java/com/devglan/rolebasedoauth2/RoleBasedOauth2ApplicationTests.java","3","47","Local variable 'response' could be declared final","Optimization","LocalVariableCouldBeFinal"
"303","com.devglan.rolebasedoauth2","src/test/java/com/devglan/rolebasedoauth2/RoleBasedOauth2ApplicationTests.java","3","48","Local variable 'map' could be declared final","Optimization","LocalVariableCouldBeFinal"
"304","com.devglan.rolebasedoauth2","src/test/java/com/devglan/rolebasedoauth2/RoleBasedOauth2ApplicationTests.java","3","48","Potential violation of Law of Demeter (object not created locally)","Coupling","LawOfDemeter"
"305","com.devglan.rolebasedoauth2","src/test/java/com/devglan/rolebasedoauth2/RoleBasedOauth2ApplicationTests.java","3","49","Avoid if (x != y) ..; else ..;","Design","ConfusingTernary"
"306","com.devglan.rolebasedoauth2","src/test/java/com/devglan/rolebasedoauth2/RoleBasedOauth2ApplicationTests.java","3","50","Potential violation of Law of Demeter (object not created locally)","Coupling","LawOfDemeter"
"307","com.devglan.rolebasedoauth2","src/test/java/com/devglan/rolebasedoauth2/RoleBasedOauth2ApplicationTests.java","3","50","Potential violation of Law of Demeter (object not created locally)","Coupling","LawOfDemeter"
"308","com.devglan.rolebasedoauth2","src/test/java/com/devglan/rolebasedoauth2/RoleBasedOauth2ApplicationTests.java","2","50","System.out.println is used","Java Logging","SystemPrintln"
"309","com.devglan.rolebasedoauth2","src/test/java/com/devglan/rolebasedoauth2/RoleBasedOauth2ApplicationTests.java","3","51","An empty statement (semicolon) not part of a loop","Empty Code","EmptyStatementNotInLoop"
"310","com.devglan.rolebasedoauth2","src/test/java/com/devglan/rolebasedoauth2/RoleBasedOauth2ApplicationTests.java","3","51","Potential violation of Law of Demeter (object not created locally)","Coupling","LawOfDemeter"
"311","com.devglan.rolebasedoauth2","src/test/java/com/devglan/rolebasedoauth2/RoleBasedOauth2ApplicationTests.java","3","51","Potential violation of Law of Demeter (object not created locally)","Coupling","LawOfDemeter"
"312","com.devglan.rolebasedoauth2","src/test/java/com/devglan/rolebasedoauth2/RoleBasedOauth2ApplicationTests.java","3","51","Potential violation of Law of Demeter (object not created locally)","Coupling","LawOfDemeter"
"313","com.devglan.rolebasedoauth2","src/test/java/com/devglan/rolebasedoauth2/RoleBasedOauth2ApplicationTests.java","2","53","System.out.println is used","Java Logging","SystemPrintln"
