{
  "notes": [
    {
      "id": 1,
      "title": "Read Angular5 blog",
      "text": "Shall do at 6 pm"
    },
    {
      "id": 2,
      "title": "Call Ravi",
      "text": "Track the new submissions"
    },
    {
      "title": "Capitalism",
      "text": "Mark Twain",
      "id": 3
    },
    {
      "title": "data",
      "text": "dsdds",
      "id": 4
    },
    {
      "title": "java",
      "text": "Java is object",
      "id": 5
    },
    {
      "title": "FSD",
      "text": "Full stack Developer",
      "id": 6
    }
  ]
}